"Domain","Question"
"Active Projects and Learning","How do seasons of high productivity and dormancy cycle in your project life, and what triggers these shifts?"
"Active Projects and Learning","How do you determine when to seek guidance versus figuring something out independently?"
"Active Projects and Learning","How do you integrate new knowledge or skills into your existing frameworks of understanding?"
"Active Projects and Learning","How do you know when to abandon a project versus push through resistance?"
"Active Projects and Learning","How do you track or organize your learning and progress over time?"
"Active Projects and Learning","How do you typically choose what to work on next?"
"Active Projects and Learning","How does your approach to learning differ when you're acquiring knowledge for practical use versus pure interest?"
"Active Projects and Learning","How has your relationship with perfectionism evolved in your project work over time?"
"Active Projects and Learning","What are you learning right now that feels especially meaningful?"
"Active Projects and Learning","What connections have you discovered between seemingly unrelated areas of interest or learning?"
"Active Projects and Learning","What creative or intellectual pursuit intimidates you most, and how do you approach that discomfort?"
"Active Projects and Learning","What kinds of problems or challenges energize you to take action?"
"Active Projects and Learning","What patterns do you notice in how you start or finish things?"
"Active Projects and Learning","What project failure taught you the most valuable lessons about your approach to challenges?"
"Active Projects and Learning","What role does physical space play in how you engage with different types of projects or learning?"
"Active Projects and Learning","What tensions exist between your desire for mastery and your curiosity about new domains?"
"Active Projects and Learning","What's a project that taught you more than you expected?"
"Active Projects and Learning","What's a skill or area of knowledge you pursued just for curiosity's sake?"
"Active Projects and Learning","When have you been most ""in flow"" — and what were you doing?"
"Active Projects and Learning","Who do you share your projects or learnings with — and why them?"
"Community and Ideological Engagement","Have you ever gone through a period of disillusionment with a belief system or community? What was the outcome?"
"Community and Ideological Engagement","How do you decide whether to align yourself with a larger group or stand apart?"
"Community and Ideological Engagement","How do you navigate the tension between individual expression and group cohesion in communities important to you?"
"Community and Ideological Engagement","How do you reconcile contradictions between different communities or ideological frameworks you participate in?"
"Community and Ideological Engagement","How do you respond when core values of a community you belong to shift in directions you find uncomfortable?"
"Community and Ideological Engagement","How do you tend to engage when societal events or crises occur?"
"Community and Ideological Engagement","How has your approach to civic responsibility or community contribution changed across different life stages?"
"Community and Ideological Engagement","How has your engagement with news and information sources evolved, and what prompted those changes?"
"Community and Ideological Engagement","How has your worldview or political stance changed over time? What caused those shifts?"
"Community and Ideological Engagement","What cause or issue have you felt most driven to support, and why?"
"Community and Ideological Engagement","What communities have you felt a deep sense of belonging in, and what role did you play in them?"
"Community and Ideological Engagement","What experience challenged your sense of belonging to an identity group you previously felt connected to?"
"Community and Ideological Engagement","What experience exposed you to a worldview radically different from your own, and how did it affect you?"
"Community and Ideological Engagement","What kind of legacy or impact do you hope to have on your community or the broader world?"
"Community and Ideological Engagement","What kinds of communities energize you — and which ones deplete you?"
"Community and Ideological Engagement","What responsibility do you feel toward bridging divides between different communities or belief systems you understand?"
"Community and Ideological Engagement","What role has religion or spirituality played in your sense of community belonging throughout different life phases?"
"Community and Ideological Engagement","What social or political issue have you completely reversed your position on, and what catalyzed that change?"
"Community and Ideological Engagement","What traditions or cultural practices have mattered most to you at different points in your life?"
"Community and Ideological Engagement","When have you chosen to stay silent in a group — and when have you spoken up? What made the difference?"
"Daily Routines and Health","Have you ever consciously redesigned your daily routine? What was the motivation and result?"
"Daily Routines and Health","How do seasons or natural cycles affect your energy patterns and routine adjustments?"
"Daily Routines and Health","How do you balance discipline and flexibility in your day-to-day life?"
"Daily Routines and Health","How do you typically respond to disruption in your daily structure?"
"Daily Routines and Health","How has your approach to rest and recovery changed compared to your younger self?"
"Daily Routines and Health","How has your concept of ""health"" changed over time?"
"Daily Routines and Health","How has your definition of ""balance"" in daily life changed as you've moved through different life stages?"
"Daily Routines and Health","How has your relationship with preventative health measures versus reactive care evolved over time?"
"Daily Routines and Health","How have major life transitions (moves, career changes, relationships) impacted your health habits and routines?"
"Daily Routines and Health","What do you know now about your energy rhythms that you wish you had known earlier?"
"Daily Routines and Health","What environmental factors have you discovered significantly impact your physical or mental wellbeing?"
"Daily Routines and Health","What has been your relationship with food, movement, or sleep across different life stages?"
"Daily Routines and Health","What health assumption or conventional wisdom did you follow for years before realizing it didn't serve you?"
"Daily Routines and Health","What health practice did you initially resist that later became essential to your wellbeing?"
"Daily Routines and Health","What role does anticipation or planning play in maintaining your sense of control over daily life?"
"Daily Routines and Health","What role does technology play in supporting — or undermining — your habits?"
"Daily Routines and Health","What routines or rituals have you maintained for years, and why do they matter to you?"
"Daily Routines and Health","What sensory experiences (sounds, flavors, physical sensations) do you intentionally incorporate into your routines and why?"
"Daily Routines and Health","What signals in your body or mood do you pay attention to most?"
"Daily Routines and Health","When do you feel most mentally clear or physically well?"
"Personal History","How did the physical spaces where you grew up (neighborhood, landscape, climate) influence your sense of possibility or limitation?"
"Personal History","How did travel or geographical moves in your early life shape your perspective of the world?"
"Personal History","How did your family talk about success or failure when you were growing up?"
"Personal History","How did your relationship with authority (parents, teachers, institutions) form in your early years?"
"Personal History","How have your early experiences with independence shaped your later choices in life?"
"Personal History","Were there any particular objects, places, or routines that defined your childhood environment?"
"Personal History","What childhood book, movie, or story had the most profound impact on your imagination, and how do you see its influence in your adult life?"
"Personal History","What family tradition or custom from your childhood do you now see differently as an adult, and why?"
"Personal History","What generational patterns or traits do you recognize from your family that have appeared in your own life, intentionally or not?"
"Personal History","What is one early memory that feels unusually vivid or significant to you, and why do you think it stuck?"
"Personal History","What role did school play in shaping your sense of identity or ability?"
"Personal History","What significant historical events occurred during your formative years, and how did adults around you explain or react to them?"
"Personal History","What was a turning point in your life before the age of 20, and how did it affect your direction?"
"Personal History","What was your earliest experience of feeling different from others, and how did you respond to that realization?"
"Personal History","What was your first experience of loss or disappointment, and how did it shape your expectations moving forward?"
"Personal History","What was your relationship with technology or media during your childhood, and how has that influenced your adaptability to change?"
"Personal History","What were you known for as a child or teenager, and how does that compare to how you see yourself now?"
"Personal History","What's a story from your youth that you've told often — and why do you think you return to it?"
"Personal History","When did you first become aware of your family's financial or social status, and how did that awareness affect you?"
"Personal History","When you think of ""home"" in your early life, what images or feelings come to mind?"
"Professional Evolution","Can you describe a professional moment when you felt completely out of your depth? What did you learn from it?"
"Professional Evolution","Have you ever consciously pivoted your career direction? What prompted the change?"
"Professional Evolution","How do you measure the impact of your work beyond titles or compensation?"
"Professional Evolution","How has failure or rejection in your professional life redirected your path in unexpected ways?"
"Professional Evolution","How has geographical location affected your career opportunities and professional identity?"
"Professional Evolution","How has your relationship with authority evolved as you've progressed in your career?"
"Professional Evolution","How have your definitions of success or ambition shifted over the years?"
"Professional Evolution","How have your professional strengths changed over time — or how has your awareness of them changed?"
"Professional Evolution","What aspects of your work have remained consistent despite changes in roles, companies, or industries?"
"Professional Evolution","What assumptions about work did you inherit from family or culture that you've since questioned or rejected?"
"Professional Evolution","What have you learned about your working style through trial and error?"
"Professional Evolution","What motivated you to choose your original career path, and how has that motivation evolved?"
"Professional Evolution","What professional experience taught you the most about your own boundaries or limits?"
"Professional Evolution","What role has luck or timing played in significant professional transitions in your life?"
"Professional Evolution","What skills or talents did you possess naturally that you've had to deliberately refine or manage in professional settings?"
"Professional Evolution","What trade-offs have you made in your career, and how do you feel about them now?"
"Professional Evolution","What was a role or job you took that changed how you think about work itself?"
"Professional Evolution","When have you felt most aligned between your values and your work?"
"Professional Evolution","When have you felt the strongest disconnect between your public professional persona and your private self?"
"Professional Evolution","Who has had the most influence on your professional development, and in what way?"
"Psychological and Behavioral Evolution","Are there any recurring patterns in your decision-making that you've noticed across the years? How have you tried to change—or keep—them?"
"Psychological and Behavioral Evolution","Can you describe a period in your life when your habits radically shifted—either improved or worsened? What drove that shift?"
"Psychological and Behavioral Evolution","Describe a moment when you felt particularly ""yourself."" What about your mindset or behavior made it feel authentic?"
"Psychological and Behavioral Evolution","How has your approach to learning and acquiring new skills evolved as you've aged?"
"Psychological and Behavioral Evolution","How has your capacity for emotional regulation developed over time, and what triggered those changes?"
"Psychological and Behavioral Evolution","How has your perception of time and its passage shifted at different life stages?"
"Psychological and Behavioral Evolution","How has your relationship with introspection or self-analysis changed throughout your life?"
"Psychological and Behavioral Evolution","How has your relationship with uncertainty or ambiguity changed over time?"
"Psychological and Behavioral Evolution","How have your coping mechanisms for stress or conflict evolved since your early adulthood? Can you give an example?"
"Psychological and Behavioral Evolution","Think of a time you surprised yourself with your own behavior. What happened, and how did you make sense of it afterward?"
"Psychological and Behavioral Evolution","What feedback have you received repeatedly throughout your life that you initially resisted but eventually recognized as accurate?"
"Psychological and Behavioral Evolution","What kinds of situations tend to trigger your strongest emotional reactions, and has that changed over time?"
"Psychological and Behavioral Evolution","What part of your personality feels most stable and unchanging, despite life's transformations?"
"Psychological and Behavioral Evolution","What personal crisis forced you to develop new psychological resources or coping strategies?"
"Psychological and Behavioral Evolution","What physical or mental health challenge has most significantly altered your self-perception or behaviors?"
"Psychological and Behavioral Evolution","What unconscious bias or prejudice have you recognized in yourself and worked to address?"
"Psychological and Behavioral Evolution","What's a belief you held strongly in your twenties that you've significantly revised or abandoned? What triggered the change?"
"Psychological and Behavioral Evolution","What's a risk you once feared but now approach with confidence or calm? What helped you make that change?"
"Psychological and Behavioral Evolution","What's one behavior you've worked hard to develop or unlearn? Why was it important to you, and what helped or hindered you?"
"Psychological and Behavioral Evolution","Who in your life has challenged your thinking the most? How did that impact your internal worldview or behaviors?"
"Relationships and Networks","Have you ever had to leave a relationship or network behind to grow? How did you handle it?"
"Relationships and Networks","How do cultural or geographical transitions in your life story reflect in your social connections?"
"Relationships and Networks","How do generational differences manifest in your relationships with people significantly older or younger than you?"
"Relationships and Networks","How do you recognize when a relationship has served its purpose in your life?"
"Relationships and Networks","How do you typically navigate conflict in close relationships, and has that changed over time?"
"Relationships and Networks","How has technology changed the way you form or maintain relationships compared to earlier in your life?"
"Relationships and Networks","How has your approach to mentoring or being mentored evolved?"
"Relationships and Networks","How has your approach to vulnerability in relationships evolved over time?"
"Relationships and Networks","What kinds of people are you drawn to repeatedly — and why do you think that is?"
"Relationships and Networks","What patterns do you notice in how your friendships tend to form or fade?"
"Relationships and Networks","What relationship boundary did you learn to establish the hard way?"
"Relationships and Networks","What relationship dynamic repeatedly appears in your life that you recognize as a pattern to address?"
"Relationships and Networks","What relationship taught you the most about your own capacity for change or adaptation?"
"Relationships and Networks","What role does reciprocity play in how you evaluate and maintain your relationships?"
"Relationships and Networks","What's something you wish people understood about how you relate to others?"
"Relationships and Networks","What's the most significant way your approach to family relationships has evolved as you've aged?"
"Relationships and Networks","When have you felt most connected to a group or community? What contributed to that feeling?"
"Relationships and Networks","When have you felt truly seen or understood by someone? What made that possible?"
"Relationships and Networks","Who are the people who have most shaped your life, and in what ways?"
"Relationships and Networks","Who do you turn to when you're uncertain, and what does that say about your trust structures?"
"Values, Beliefs, and Goals","Have you ever adopted someone else's goals or values by accident? What happened?"
"Values, Beliefs, and Goals","How do you define integrity for yourself, and how do you test or measure it?"
"Values, Beliefs, and Goals","How do you identify when a goal you're pursuing is truly yours versus adopted from external expectations?"
"Values, Beliefs, and Goals","How do you recognize when you're out of alignment with your own beliefs?"
"Values, Beliefs, and Goals","How do you set goals or intentions — and has that method evolved?"
"Values, Beliefs, and Goals","How has your concept of responsibility—to yourself, others, society—evolved over time?"
"Values, Beliefs, and Goals","How has your definition of success evolved from what was modeled for you in childhood?"
"Values, Beliefs, and Goals","How has your relationship with uncertainty or the unknown shifted in relation to your life planning?"
"Values, Beliefs, and Goals","How has your understanding of time influenced your goal-setting and life priorities?"
"Values, Beliefs, and Goals","What aspiration have you abandoned that once seemed central to your identity, and what replaced it?"
"Values, Beliefs, and Goals","What belief do you hold that puts you at odds with people you otherwise align with?"
"Values, Beliefs, and Goals","What ethical compromise have you made that later caused you to reevaluate your principles?"
"Values, Beliefs, and Goals","What experience challenged a moral certainty you held, and how did you reconcile that challenge?"
"Values, Beliefs, and Goals","What goals have remained steady across your life, and which ones have faded or changed?"
"Values, Beliefs, and Goals","What value became more important to you as you aged that seemed irrelevant in your youth?"
"Values, Beliefs, and Goals","What values feel non-negotiable to you, no matter the context?"
"Values, Beliefs, and Goals","What's a moment when you felt proud — and what does that reveal about what you value?"
"Values, Beliefs, and Goals","What's a question you return to again and again in life?"
"Values, Beliefs, and Goals","When have you had to choose between two values or priorities? How did you navigate it?"
"Values, Beliefs, and Goals","When have your actions most clearly reflected your core principles?"
